<?xml version="1.0" encoding="utf-8"?>
<cruise xmlns:xsi="http://www.w3.org/2001/XMLSchema-instance" xsi:noNamespaceSchemaLocation="cruise-config.xsd" schemaVersion="95">
  <server artifactsdir="artifacts" agentAutoRegisterKey="3436cb09-2c4f-4b71-a59d-b92058a19cbd" webhookSecret="150a525a-e08d-47d9-aec8-3f1784c6dff7" commandRepositoryLocation="default" serverId="956e376b-bf91-474f-98d4-715e5c50ba17">
    <security>
      <authConfigs>
        <authConfig id="newgocd" pluginId="cd.go.authentication.passwordfile">
          <property>
            <key>PasswordFilePath</key>
            <value>/etc/go/password.properties</value>
          </property>
        </authConfig>
      </authConfigs>
      <roles>
        <role name="guest" />
      </roles>
      <admins>
        <user>thomas</user>
        <user>edward_yeh</user>
        <user>shawn_liang</user>
        <user>rogwang</user>
      </admins>
    </security>
  </server>
  <pipelines group="DropAP2">
    <pipeline name="Cloud">
      <materials>
        <git url="http://edward_yeh:pO9K8QYyeYlx@gerrit.gemteks.com:8080/CTO/SW4/app/android/fw_integration_testing" autoUpdate="false" />
      </materials>
      <stage name="funtional_test" fetchMaterials="false">
        <jobs>
          <job name="trigger_jenkins_job">
            <tasks>
              <exec command="java">
                <arg>-jar</arg>
                <arg>/Users/gemtek/Projects/Jenkins/jenkins-cli.2.19.4.jar</arg>
                <arg>-s</arg>
                <arg>http://gocd:gemtek@10.5.2.174:8080/</arg>
                <arg>build</arg>
                <arg>Production Jobs/WRTM-326ACN3G-Cloud-AutoTest</arg>
                <arg>-s</arg>
                <runif status="passed" />
              </exec>
            </tasks>
            <resources>
              <resource>Mac</resource>
            </resources>
          </job>
        </jobs>
      </stage>
    </pipeline>
    <pipeline name="App_android">
      <materials>
        <git url="http://edward_yeh:pO9K8QYyeYlx@gerrit.gemteks.com:8080/CTO/SW4/app/android/dropap" autoUpdate="false" materialName="android.dropap" />
      </materials>
      <stage name="auto_build" fetchMaterials="false">
        <jobs>
          <job name="trigger_jenkins_job">
            <tasks>
              <exec command="java">
                <arg>-jar</arg>
                <arg>/Users/gemtek/Projects/Jenkins/jenkins-cli.2.73.2.jar</arg>
                <arg>-s</arg>
                <arg>http://gocd:gemtek@10.70.51.243:8080/</arg>
                <arg>build</arg>
                <arg>DropAP_Android</arg>
                <arg>-s</arg>
                <runif status="passed" />
              </exec>
            </tasks>
            <resources>
              <resource>Mac</resource>
            </resources>
          </job>
        </jobs>
      </stage>
      <stage name="auto_test" fetchMaterials="false">
        <jobs>
          <job name="trigger_jenkins_job">
            <tasks>
              <exec command="java">
                <arg>-jar</arg>
                <arg>/Users/gemtek/Projects/Jenkins/jenkins-cli.2.73.2.jar</arg>
                <arg>-s</arg>
                <arg>http://gocd:gemtek@10.70.51.243:8080/</arg>
                <arg>build</arg>
                <arg>DropAP_Android_RobotFramework</arg>
                <arg>-s</arg>
                <runif status="passed" />
              </exec>
            </tasks>
            <resources>
              <resource>Mac</resource>
            </resources>
          </job>
        </jobs>
      </stage>
    </pipeline>
    <pipeline name="App_iOS">
      <materials>
        <git url="http://edward_yeh:pO9K8QYyeYlx@gerrit.gemteks.com:8080/CTO/SW4/app/ios/dropap" autoUpdate="false" materialName="ios.dropap" />
      </materials>
      <stage name="auto_build" fetchMaterials="false">
        <jobs>
          <job name="DropAP_iOS">
            <tasks>
              <exec command="java">
                <arg>-jar</arg>
                <arg>/Users/gemtek/Projects/Jenkins/jenkins-cli.2.73.2.jar</arg>
                <arg>-s</arg>
                <arg>http://gocd:gemtek@10.70.51.243:8080/</arg>
                <arg>build</arg>
                <arg>DropAP_iOS</arg>
                <arg>-s</arg>
                <runif status="passed" />
              </exec>
            </tasks>
            <resources>
              <resource>Mac</resource>
            </resources>
          </job>
        </jobs>
      </stage>
      <stage name="pre_test" fetchMaterials="false">
        <jobs>
          <job name="DropAP_iOS_RobotFramework_Pre-test">
            <tasks>
              <exec command="java">
                <arg>-jar</arg>
                <arg>/Users/gemtek/Projects/Jenkins/jenkins-cli.2.73.2.jar</arg>
                <arg>-s</arg>
                <arg>http://gocd:gemtek@10.70.51.243:8080/</arg>
                <arg>build</arg>
                <arg>DropAP_iOS_RobotFramework_Pre-test</arg>
                <arg>-s</arg>
                <runif status="passed" />
              </exec>
            </tasks>
            <resources>
              <resource>Mac</resource>
            </resources>
          </job>
        </jobs>
      </stage>
      <stage name="full_test" fetchMaterials="false">
        <jobs>
          <job name="DropAP_iOS_RobotFramework">
            <tasks>
              <exec command="java">
                <arg>-jar</arg>
                <arg>/Users/gemtek/Projects/Jenkins/jenkins-cli.2.73.2.jar</arg>
                <arg>-s</arg>
                <arg>http://gocd:gemtek@10.70.51.243:8080/</arg>
                <arg>build</arg>
                <arg>DropAP_iOS_RobotFramework</arg>
                <arg>-s</arg>
                <runif status="passed" />
              </exec>
            </tasks>
            <resources>
              <resource>Mac</resource>
            </resources>
          </job>
        </jobs>
      </stage>
    </pipeline>
  </pipelines>
  <templates>
    <pipeline name="Mypipeline">
      <stage name="defaultStage">
        <jobs>
          <job name="defaultJob" />
        </jobs>
      </stage>
      <stage name="defaultStage1">
        <approval type="manual" />
        <jobs>
          <job name="myjob">
            <tasks>
              <ant />
            </tasks>
          </job>
        </jobs>
      </stage>
    </pipeline>
  </templates>
  <environments>
    <environment name="myenv" />
  </environments>
  <agents>
    <agent hostname="humax-bld-vm" ipaddress="127.0.0.1" uuid="10def7f5-2eba-45a6-8886-045dd6c9b640">
      <resources>
        <resource>Ubuntu</resource>
      </resources>
    </agent>
    <agent hostname="Gemtekde-Mac-mini.local" ipaddress="10.70.51.243" uuid="5ba38410-0f2c-4fd6-a9ba-9dca487bcc46">
      <resources>
        <resource>Mac</resource>
      </resources>
    </agent>
  </agents>
</cruise>
