<?xml version="1.0" encoding="utf-8"?>
<cruise xmlns:xsi="http://www.w3.org/2001/XMLSchema-instance" xsi:noNamespaceSchemaLocation="cruise-config.xsd" schemaVersion="95">
  <server artifactsdir="artifacts" agentAutoRegisterKey="3436cb09-2c4f-4b71-a59d-b92058a19cbd" webhookSecret="150a525a-e08d-47d9-aec8-3f1784c6dff7" commandRepositoryLocation="default" serverId="956e376b-bf91-474f-98d4-715e5c50ba17">
    <security>
      <authConfigs>
        <authConfig id="newgocd" pluginId="cd.go.authentication.passwordfile">
          <property>
            <key>PasswordFilePath</key>
            <value>/etc/go/password.properties</value>
          </property>
        </authConfig>
        <authConfig id="gemtek" pluginId="cd.go.authentication.ldap">
          <property>
            <key>Url</key>
            <value>ldap://10.5.1.101</value>
          </property>
          <property>
            <key>SearchBases</key>
            <value>DC=gemteks,DC=com</value>
          </property>
          <property>
            <key>ManagerDN</key>
            <value>edward_yeh@gemteks.com</value>
          </property>
          <property>
            <key>Password</key>
            <encryptedValue>SN5peBnuRo+GoccccZzHzw==</encryptedValue>
          </property>
          <property>
            <key>UserSearchFilter</key>
            <value>(&amp;(sAMAccountName=*{0}*)(company=Gemtek))</value>
          </property>
          <property>
            <key>UserLoginFilter</key>
            <value>(|(sAMAccountName=*{0}*)(mail=*{0}*))</value>
          </property>
          <property>
            <key>DisplayNameAttribute</key>
            <value>cn</value>
          </property>
          <property>
            <key>EmailAttribute</key>
          </property>
        </authConfig>
      </authConfigs>
      <roles>
        <role name="DropAP_2_Viewer">
          <users>
            <user>Andy_He</user>
            <user>Winston_Hsieh</user>
          </users>
        </role>
      </roles>
      <admins>
        <user>thomas</user>
        <user>edward_yeh</user>
        <user>shawn_liang</user>
        <user>rogwang</user>
      </admins>
    </security>
  </server>
  <pipelines group="DropAP2">
    <pipeline name="Cloud" labeltemplate="1.0.${COUNT}" isLocked="false">
      <params>
        <param name="USER">gocd</param>
        <param name="PASSWORD">gemtek</param>
        <param name="JENKINS_CLI">/Users/gemtek/Projects/Jenkins/jenkins-cli.2.19.4.jar</param>
        <param name="JENKINS_SERVER">10.5.2.174:8080</param>
      </params>
      <materials>
        <git url="http://edward_yeh:pO9K8QYyeYlx@gerrit.gemteks.com:8080/CTO/SW5/cloud/sm_dev" autoUpdate="false" materialName="service_manager" />
      </materials>
      <stage name="create_sandbox" fetchMaterials="false">
        <jobs>
          <job name="creation">
            <tasks>
              <exec command="echo">
                <arg>TODO: replace with sandbox script later</arg>
              </exec>
            </tasks>
            <resources>
              <resource>Mac</resource>
            </resources>
          </job>
        </jobs>
      </stage>
      <stage name="funtional_test" fetchMaterials="false">
        <jobs>
          <job name="DropAP2-Cloud-AutoTest">
            <tasks>
              <exec command="java">
                <arg>-jar</arg>
                <arg>/Users/gemtek/Projects/Jenkins/jenkins-cli.2.19.4.jar</arg>
                <arg>-s</arg>
                <arg>http://#{USER}:#{PASSWORD}@#{JENKINS_SERVER}/</arg>
                <arg>build</arg>
                <arg>Production Jobs/DropAP2-Cloud-AutoTest</arg>
                <arg>-s</arg>
                <runif status="passed" />
              </exec>
            </tasks>
            <resources>
              <resource>Mac</resource>
            </resources>
          </job>
        </jobs>
      </stage>
    </pipeline>
    <pipeline name="App_android" labeltemplate="2.0.${COUNT}" isLocked="false">
      <params>
        <param name="USER">gocd</param>
        <param name="PASSWORD">gemtek</param>
        <param name="JENKINS_CLI">/Users/gemtek/Projects/Jenkins/jenkins-cli.2.73.2.jar</param>
        <param name="JENKINS_SERVER">10.70.51.243:8080</param>
      </params>
      <materials>
        <git url="http://edward_yeh:pO9K8QYyeYlx@gerrit.gemteks.com:8080/CTO/SW4/app/android/dropap" autoUpdate="false" materialName="android.dropap" />
      </materials>
      <stage name="auto_build" fetchMaterials="false">
        <approval type="manual" />
        <jobs>
          <job name="DropAP_Android">
            <tasks>
              <exec command="java">
                <arg>-jar</arg>
                <arg>#{JENKINS_CLI}</arg>
                <arg>-s</arg>
                <arg>http://#{USER}:#{PASSWORD}@#{JENKINS_SERVER}/</arg>
                <arg>build</arg>
                <arg>DropAP_Android</arg>
                <arg>-s</arg>
                <runif status="passed" />
              </exec>
            </tasks>
            <resources>
              <resource>Mac</resource>
            </resources>
          </job>
        </jobs>
      </stage>
      <stage name="functional_test" fetchMaterials="false">
        <jobs>
          <job name="DropAP_Android_RobotFramework">
            <tasks>
              <exec command="java">
                <arg>-jar</arg>
                <arg>#{JENKINS_CLI}</arg>
                <arg>-s</arg>
                <arg>http://#{USER}:#{PASSWORD}@#{JENKINS_SERVER}/</arg>
                <arg>build</arg>
                <arg>DropAP_Android_RobotFramework</arg>
                <arg>-s</arg>
                <runif status="passed" />
              </exec>
            </tasks>
            <resources>
              <resource>Mac</resource>
            </resources>
          </job>
        </jobs>
      </stage>
    </pipeline>
    <pipeline name="App_iOS" labeltemplate="2.0.${COUNT}" isLocked="false">
      <params>
        <param name="USER">gocd</param>
        <param name="PASSWORD">gemtek</param>
        <param name="JENKINS_CLI">/Users/gemtek/Projects/Jenkins/jenkins-cli.2.73.2.jar</param>
        <param name="JENKINS_SERVER">10.70.51.243:8080</param>
      </params>
      <materials>
        <git url="http://edward_yeh:pO9K8QYyeYlx@gerrit.gemteks.com:8080/CTO/SW4/app/ios/dropap" autoUpdate="false" materialName="ios.dropap" />
      </materials>
      <stage name="auto_build" fetchMaterials="false">
        <approval type="manual" />
        <jobs>
          <job name="DropAP_iOS">
            <tasks>
              <exec command="java">
                <arg>-jar</arg>
                <arg>#{JENKINS_CLI}</arg>
                <arg>-s</arg>
                <arg>http://#{USER}:#{PASSWORD}@#{JENKINS_SERVER}/</arg>
                <arg>build</arg>
                <arg>DropAP_iOS</arg>
                <arg>-s</arg>
                <runif status="passed" />
              </exec>
            </tasks>
            <resources>
              <resource>Mac</resource>
            </resources>
          </job>
        </jobs>
      </stage>
      <stage name="pre_test" fetchMaterials="false">
        <jobs>
          <job name="DropAP_iOS_RobotFramework_Pre-test">
            <tasks>
              <exec command="java">
                <arg>-jar</arg>
                <arg>#{JENKINS_CLI}</arg>
                <arg>-s</arg>
                <arg>http://#{USER}:#{PASSWORD}@#{JENKINS_SERVER}/</arg>
                <arg>build</arg>
                <arg>DropAP_iOS_RobotFramework_Pre-test</arg>
                <arg>-s</arg>
                <runif status="passed" />
              </exec>
            </tasks>
            <resources>
              <resource>Mac</resource>
            </resources>
          </job>
        </jobs>
      </stage>
      <stage name="full_functional_test" fetchMaterials="false">
        <jobs>
          <job name="DropAP_iOS_RobotFramework">
            <tasks>
              <exec command="java">
                <arg>-jar</arg>
                <arg>#{JENKINS_CLI}</arg>
                <arg>-s</arg>
                <arg>http://#{USER}:{PASSWORD}@#{JENKINS_SERVER}/</arg>
                <arg>build</arg>
                <arg>DropAP_iOS_RobotFramework</arg>
                <arg>-s</arg>
                <runif status="passed" />
              </exec>
            </tasks>
            <resources>
              <resource>Mac</resource>
            </resources>
          </job>
        </jobs>
      </stage>
    </pipeline>
    <pipeline name="Device" labeltemplate="2.0.${COUNT}" isLocked="false">
      <params>
        <param name="USER">gocd</param>
        <param name="PASSWORD">gemtek</param>
        <param name="JENKINS_CLI">/Users/gemtek/Projects/Jenkins/jenkins-cli.2.19.4.jar</param>
        <param name="JENKINS_BUILD_SERVER">10.5.182.237:8080</param>
        <param name="JENKINS_TEST_SERVER">10.5.2.174:8080</param>
      </params>
      <materials>
        <git url="http://edward_yeh:pO9K8QYyeYlx@gerrit.gemteks.com:8080/bu2/sw2/team1/project/WRTM-326ACN374J/sdk" autoUpdate="false" />
      </materials>
      <stage name="auto_build" fetchMaterials="false">
        <approval type="manual" />
        <jobs>
          <job name="AutoBuild-WRTM-326ACN374J">
            <tasks>
              <exec command="java">
                <arg>-jar</arg>
                <arg>#{JENKINS_CLI}</arg>
                <arg>-s</arg>
                <arg>http://#{USER}:#{PASSWORD}@#{JENKINS_BUILD_SERVER}/</arg>
                <arg>build</arg>
                <arg>AutoTest-WRTM-326ACN374J</arg>
                <arg>-s</arg>
                <runif status="passed" />
              </exec>
            </tasks>
            <resources>
              <resource>Mac</resource>
            </resources>
          </job>
        </jobs>
      </stage>
      <stage name="functional_test" fetchMaterials="false">
        <jobs>
          <job name="DropAP2-Device-AutoTest">
            <tasks>
              <exec command="java">
                <arg>-jar</arg>
                <arg>#{JENKINS_CLI}</arg>
                <arg>-s</arg>
                <arg>http://#{USER}:#{PASSWORD}@#{JENKINS_TEST_SERVER}/</arg>
                <arg>build</arg>
                <arg>Production Jobs/DropAP2-Device-AutoTest</arg>
                <arg>-s</arg>
                <runif status="passed" />
              </exec>
            </tasks>
            <resources>
              <resource>Mac</resource>
            </resources>
          </job>
        </jobs>
      </stage>
    </pipeline>
  </pipelines>
  <pipelines group="GNMP_Release">
    <pipeline name="AWS_Test_Release" labeltemplate="1.0.${COUNT}" isLocked="false">
      <materials>
        <git url="ssh://thomas_chen:JANjic43@gerrit.gemteks.com:29418/BU1/SW2/BAT/RFW/WRTM-326ACN-DropAP2" materialName="git1" />
      </materials>
      <stage name="Build_war_file">
        <jobs>
          <job name="build">
            <tasks>
              <ant />
            </tasks>
          </job>
        </jobs>
      </stage>
      <stage name="Sanity_test_by_gnms_team_in_Dev">
        <jobs>
          <job name="sanity_test">
            <tasks>
              <ant />
            </tasks>
          </job>
        </jobs>
      </stage>
      <stage name="Bug_Review_Meeting_GNMS">
        <jobs>
          <job name="review">
            <tasks>
              <ant />
            </tasks>
          </job>
        </jobs>
      </stage>
      <stage name="Release_to_SQA">
        <jobs>
          <job name="release_sw">
            <tasks>
              <ant />
            </tasks>
          </job>
        </jobs>
      </stage>
      <stage name="Full_test_by_SQA_in_Dev">
        <jobs>
          <job name="test">
            <tasks>
              <ant />
            </tasks>
          </job>
        </jobs>
      </stage>
      <stage name="Bug_Review_Meeting_SQA">
        <jobs>
          <job name="review">
            <tasks>
              <ant />
            </tasks>
          </job>
        </jobs>
      </stage>
    </pipeline>
  </pipelines>
  <templates>
    <pipeline name="Mypipeline">
      <stage name="defaultStage">
        <jobs>
          <job name="defaultJob" />
        </jobs>
      </stage>
      <stage name="defaultStage1">
        <approval type="manual" />
        <jobs>
          <job name="myjob">
            <tasks>
              <ant />
            </tasks>
          </job>
        </jobs>
      </stage>
    </pipeline>
  </templates>
  <environments>
    <environment name="myenv" />
  </environments>
  <agents>
    <agent hostname="humax-bld-vm" ipaddress="127.0.0.1" uuid="10def7f5-2eba-45a6-8886-045dd6c9b640">
      <resources>
        <resource>Ubuntu</resource>
      </resources>
    </agent>
    <agent hostname="Gemtekde-Mac-mini.local" ipaddress="10.70.51.243" uuid="5ba38410-0f2c-4fd6-a9ba-9dca487bcc46">
      <resources>
        <resource>Mac</resource>
      </resources>
    </agent>
  </agents>
</cruise>
